{
    "jobs": [
      { "id": "1", "name": "Job_01", "creationDate": "01/02/2023" ,"lastModifiedDate":"01/02/2023",
         "jobDesc":"Job_01","runTime":"python","code":"print('I am job1')"},
         { "id": "2", "name": "Job_02", "creationDate": "01/02/2023" ,"lastModifiedDate":"01/02/2023",
         "jobDesc":"Job_02","runTime":"python","code":"print('I am job1')"},
         { "id": "3", "name": "Job_03", "creationDate": "01/02/2023" ,"lastModifiedDate":"01/02/2023",
         "jobDesc":"Job_03","runTime":"python","code":"print('I am job1')"},
         { "id": "4", "name": "Job_04", "creationDate": "01/02/2023" ,"lastModifiedDate":"01/02/2023",
         "jobDesc":"Job_04","runTime":"python","code":"print('I am job1')"},
         { "id": "5", "name": "Job_05", "creationDate": "01/02/2023" ,"lastModifiedDate":"01/02/2023",
         "jobDesc":"Job_05","runTime":"python","code":"print('I am job1')"},
         { "id": "6", "name": "Job_06", "creationDate": "01/02/2023" ,"lastModifiedDate":"01/02/2023",
         "jobDesc":"Job_06","runTime":"python","code":"print('I am job1')"}
      
    ],
    "comments": [
      { "id": "1", "text": "a comment about post 1", "postId": "1" },
      { "id": "2", "text": "another comment about post 1", "postId": "1" }
    ],
    "profile": {
      "name": "typicode"
    }
  }